
INSERT INTO CUSTOMERS (id, name, address, income, email, phone) VALUES
(1, 'Alice Gupta', 'Pune', 1200000, 'alice@example.com', '+91-9876543210'),
(2, 'Rahul Verma', 'Mumbai', 800000, 'rahul@example.com', '+91-9123456789'),
(3, 'Rahul Sharma', 'Delhi', 330000, 'rahul.sharma3@example.com', '+91-9000000002'),
(4, 'Rahul Iyer', 'Bengaluru', 340000, 'rahul.iyer4@example.com', '+91-9000000003'),
(5, 'Rahul Reddy', 'Hyderabad', 350000, 'rahul.reddy5@example.com', '+91-9000000004'),
(6, 'Rahul Patel', 'Chennai', 360000, 'rahul.patel6@example.com', '+91-9000000005'),
(7, 'Rahul Singh', 'Kolkata', 370000, 'rahul.singh7@example.com', '+91-9000000006'),
(8, 'Rahul Khan', 'Ahmedabad', 380000, 'rahul.khan8@example.com', '+91-9000000007'),
(9, 'Rahul Das', 'Jaipur', 390000, 'rahul.das9@example.com', '+91-9000000008'),
(10, 'Rahul Banerjee', 'Lucknow', 400000, 'rahul.banerjee10@example.com', '+91-9000000009'),
(11, 'Priya Gupta', 'Surat', 410000, 'priya.gupta11@example.com', '+91-9000000010'),
(12, 'Priya Verma', 'Nagpur', 420000, 'priya.verma12@example.com', '+91-9000000011'),
(13, 'Priya Sharma', 'Indore', 430000, 'priya.sharma13@example.com', '+91-9000000012'),
(14, 'Priya Iyer', 'Thane', 440000, 'priya.iyer14@example.com', '+91-9000000013'),
(15, 'Priya Reddy', 'Bhopal', 450000, 'priya.reddy15@example.com', '+91-9000000014'),
(16, 'Priya Patel', 'Patna', 460000, 'priya.patel16@example.com', '+91-9000000015'),
(17, 'Priya Singh', 'Kanpur', 470000, 'priya.singh17@example.com', '+91-9000000016'),
(18, 'Priya Khan', 'Nashik', 480000, 'priya.khan18@example.com', '+91-9000000017'),
(19, 'Priya Das', 'Vadodara', 490000, 'priya.das19@example.com', '+91-9000000018'),
(20, 'Priya Banerjee', 'Chandigarh', 500000, 'priya.banerjee20@example.com', '+91-9000000019'),
(21, 'Amit Gupta', 'Pune', 510000, 'amit.gupta21@example.com', '+91-9000000020'),
(22, 'Amit Verma', 'Mumbai', 520000, 'amit.verma22@example.com', '+91-9000000021'),
(23, 'Amit Sharma', 'Delhi', 530000, 'amit.sharma23@example.com', '+91-9000000022'),
(24, 'Amit Iyer', 'Bengaluru', 540000, 'amit.iyer24@example.com', '+91-9000000023'),
(25, 'Amit Reddy', 'Hyderabad', 550000, 'amit.reddy25@example.com', '+91-9000000024'),
(26, 'Amit Patel', 'Chennai', 560000, 'amit.patel26@example.com', '+91-9000000025'),
(27, 'Amit Singh', 'Kolkata', 570000, 'amit.singh27@example.com', '+91-9000000026'),
(28, 'Amit Khan', 'Ahmedabad', 580000, 'amit.khan28@example.com', '+91-9000000027'),
(29, 'Amit Das', 'Jaipur', 590000, 'amit.das29@example.com', '+91-9000000028'),
(30, 'Amit Banerjee', 'Lucknow', 600000, 'amit.banerjee30@example.com', '+91-9000000029'),
(31, 'Neha Gupta', 'Surat', 610000, 'neha.gupta31@example.com', '+91-9000000030'),
(32, 'Neha Verma', 'Nagpur', 620000, 'neha.verma32@example.com', '+91-9000000031'),
(33, 'Neha Sharma', 'Indore', 630000, 'neha.sharma33@example.com', '+91-9000000032'),
(34, 'Neha Iyer', 'Thane', 640000, 'neha.iyer34@example.com', '+91-9000000033'),
(35, 'Neha Reddy', 'Bhopal', 650000, 'neha.reddy35@example.com', '+91-9000000034'),
(36, 'Neha Patel', 'Patna', 660000, 'neha.patel36@example.com', '+91-9000000035'),
(37, 'Neha Singh', 'Kanpur', 670000, 'neha.singh37@example.com', '+91-9000000036'),
(38, 'Neha Khan', 'Nashik', 680000, 'neha.khan38@example.com', '+91-9000000037'),
(39, 'Neha Das', 'Vadodara', 690000, 'neha.das39@example.com', '+91-9000000038'),
(40, 'Neha Banerjee', 'Chandigarh', 700000, 'neha.banerjee40@example.com', '+91-9000000039'),
(41, 'Karan Gupta', 'Pune', 710000, 'karan.gupta41@example.com', '+91-9000000040'),
(42, 'Karan Verma', 'Mumbai', 720000, 'karan.verma42@example.com', '+91-9000000041'),
(43, 'Karan Sharma', 'Delhi', 730000, 'karan.sharma43@example.com', '+91-9000000042'),
(44, 'Karan Iyer', 'Bengaluru', 740000, 'karan.iyer44@example.com', '+91-9000000043'),
(45, 'Karan Reddy', 'Hyderabad', 750000, 'karan.reddy45@example.com', '+91-9000000044'),
(46, 'Karan Patel', 'Chennai', 760000, 'karan.patel46@example.com', '+91-9000000045'),
(47, 'Karan Singh', 'Kolkata', 770000, 'karan.singh47@example.com', '+91-9000000046'),
(48, 'Karan Khan', 'Ahmedabad', 780000, 'karan.khan48@example.com', '+91-9000000047'),
(49, 'Karan Das', 'Jaipur', 790000, 'karan.das49@example.com', '+91-9000000048'),
(50, 'Karan Banerjee', 'Lucknow', 800000, 'karan.banerjee50@example.com', '+91-9000000049'),
(51, 'Riya Gupta', 'Surat', 810000, 'riya.gupta51@example.com', '+91-9000000050'),
(52, 'Riya Verma', 'Nagpur', 820000, 'riya.verma52@example.com', '+91-9000000051'),
(53, 'Riya Sharma', 'Indore', 830000, 'riya.sharma53@example.com', '+91-9000000052'),
(54, 'Riya Iyer', 'Thane', 840000, 'riya.iyer54@example.com', '+91-9000000053'),
(55, 'Riya Reddy', 'Bhopal', 850000, 'riya.reddy55@example.com', '+91-9000000054'),
(56, 'Riya Patel', 'Patna', 860000, 'riya.patel56@example.com', '+91-9000000055'),
(57, 'Riya Singh', 'Kanpur', 870000, 'riya.singh57@example.com', '+91-9000000056'),
(58, 'Riya Khan', 'Nashik', 880000, 'riya.khan58@example.com', '+91-9000000057'),
(59, 'Riya Das', 'Vadodara', 890000, 'riya.das59@example.com', '+91-9000000058'),
(60, 'Riya Banerjee', 'Chandigarh', 900000, 'riya.banerjee60@example.com', '+91-9000000059'),
(61, 'Sagar Gupta', 'Pune', 910000, 'sagar.gupta61@example.com', '+91-9000000060'),
(62, 'Sagar Verma', 'Mumbai', 920000, 'sagar.verma62@example.com', '+91-9000000061'),
(63, 'Sagar Sharma', 'Delhi', 930000, 'sagar.sharma63@example.com', '+91-9000000062'),
(64, 'Sagar Iyer', 'Bengaluru', 940000, 'sagar.iyer64@example.com', '+91-9000000063'),
(65, 'Sagar Reddy', 'Hyderabad', 950000, 'sagar.reddy65@example.com', '+91-9000000064'),
(66, 'Sagar Patel', 'Chennai', 960000, 'sagar.patel66@example.com', '+91-9000000065'),
(67, 'Sagar Singh', 'Kolkata', 970000, 'sagar.singh67@example.com', '+91-9000000066'),
(68, 'Sagar Khan', 'Ahmedabad', 980000, 'sagar.khan68@example.com', '+91-9000000067'),
(69, 'Sagar Das', 'Jaipur', 990000, 'sagar.das69@example.com', '+91-9000000068'),
(70, 'Sagar Banerjee', 'Lucknow', 1000000, 'sagar.banerjee70@example.com', '+91-9000000069'),
(71, 'Pooja Gupta', 'Surat', 1010000, 'pooja.gupta71@example.com', '+91-9000000070'),
(72, 'Pooja Verma', 'Nagpur', 1020000, 'pooja.verma72@example.com', '+91-9000000071'),
(73, 'Pooja Sharma', 'Indore', 1030000, 'pooja.sharma73@example.com', '+91-9000000072'),
(74, 'Pooja Iyer', 'Thane', 1040000, 'pooja.iyer74@example.com', '+91-9000000073'),
(75, 'Pooja Reddy', 'Bhopal', 1050000, 'pooja.reddy75@example.com', '+91-9000000074'),
(76, 'Pooja Patel', 'Patna', 1060000, 'pooja.patel76@example.com', '+91-9000000075'),
(77, 'Pooja Singh', 'Kanpur', 1070000, 'pooja.singh77@example.com', '+91-9000000076'),
(78, 'Pooja Khan', 'Nashik', 1080000, 'pooja.khan78@example.com', '+91-9000000077'),
(79, 'Pooja Das', 'Vadodara', 1090000, 'pooja.das79@example.com', '+91-9000000078'),
(80, 'Pooja Banerjee', 'Chandigarh', 1100000, 'pooja.banerjee80@example.com', '+91-9000000079'),
(81, 'Arjun Gupta', 'Pune', 1110000, 'arjun.gupta81@example.com', '+91-9000000080'),
(82, 'Arjun Verma', 'Mumbai', 1120000, 'arjun.verma82@example.com', '+91-9000000081'),
(83, 'Arjun Sharma', 'Delhi', 1130000, 'arjun.sharma83@example.com', '+91-9000000082'),
(84, 'Arjun Iyer', 'Bengaluru', 1140000, 'arjun.iyer84@example.com', '+91-9000000083'),
(85, 'Arjun Reddy', 'Hyderabad', 1150000, 'arjun.reddy85@example.com', '+91-9000000084'),
(86, 'Arjun Patel', 'Chennai', 1160000, 'arjun.patel86@example.com', '+91-9000000085'),
(87, 'Arjun Singh', 'Kolkata', 1170000, 'arjun.singh87@example.com', '+91-9000000086'),
(88, 'Arjun Khan', 'Ahmedabad', 1180000, 'arjun.khan88@example.com', '+91-9000000087'),
(89, 'Arjun Das', 'Jaipur', 1190000, 'arjun.das89@example.com', '+91-9000000088'),
(90, 'Arjun Banerjee', 'Lucknow', 1200000, 'arjun.banerjee90@example.com', '+91-9000000089'),
(91, 'Ananya Gupta', 'Surat', 1210000, 'ananya.gupta91@example.com', '+91-9000000090'),
(92, 'Ananya Verma', 'Nagpur', 1220000, 'ananya.verma92@example.com', '+91-9000000091'),
(93, 'Ananya Sharma', 'Indore', 1230000, 'ananya.sharma93@example.com', '+91-9000000092'),
(94, 'Ananya Iyer', 'Thane', 1240000, 'ananya.iyer94@example.com', '+91-9000000093'),
(95, 'Ananya Reddy', 'Bhopal', 1250000, 'ananya.reddy95@example.com', '+91-9000000094'),
(96, 'Ananya Patel', 'Patna', 1260000, 'ananya.patel96@example.com', '+91-9000000095'),
(97, 'Ananya Singh', 'Kanpur', 1270000, 'ananya.singh97@example.com', '+91-9000000096'),
(98, 'Ananya Khan', 'Nashik', 1280000, 'ananya.khan98@example.com', '+91-9000000097'),
(99, 'Ananya Das', 'Vadodara', 1290000, 'ananya.das99@example.com', '+91-9000000098'),
(100, 'Ananya Banerjee', 'Chandigarh', 1300000, 'ananya.banerjee100@example.com', '+91-9000000099'),
(101, 'Vivek Gupta', 'Pune', 1310000, 'vivek.gupta101@example.com', '+91-9000000100'),
(102, 'Vivek Verma', 'Mumbai', 1320000, 'vivek.verma102@example.com', '+91-9000000101'),
(103, 'Vivek Sharma', 'Delhi', 1330000, 'vivek.sharma103@example.com', '+91-9000000102'),
(104, 'Vivek Iyer', 'Bengaluru', 1340000, 'vivek.iyer104@example.com', '+91-9000000103'),
(105, 'Vivek Reddy', 'Hyderabad', 1350000, 'vivek.reddy105@example.com', '+91-9000000104'),
(106, 'Vivek Patel', 'Chennai', 1360000, 'vivek.patel106@example.com', '+91-9000000105'),
(107, 'Vivek Singh', 'Kolkata', 1370000, 'vivek.singh107@example.com', '+91-9000000106'),
(108, 'Vivek Khan', 'Ahmedabad', 1380000, 'vivek.khan108@example.com', '+91-9000000107'),
(109, 'Vivek Das', 'Jaipur', 1390000, 'vivek.das109@example.com', '+91-9000000108'),
(110, 'Vivek Banerjee', 'Lucknow', 1400000, 'vivek.banerjee110@example.com', '+91-9000000109'),
(111, 'Kavya Gupta', 'Surat', 1410000, 'kavya.gupta111@example.com', '+91-9000000110'),
(112, 'Kavya Verma', 'Nagpur', 1420000, 'kavya.verma112@example.com', '+91-9000000111'),
(113, 'Kavya Sharma', 'Indore', 1430000, 'kavya.sharma113@example.com', '+91-9000000112'),
(114, 'Kavya Iyer', 'Thane', 1440000, 'kavya.iyer114@example.com', '+91-9000000113'),
(115, 'Kavya Reddy', 'Bhopal', 1450000, 'kavya.reddy115@example.com', '+91-9000000114'),
(116, 'Kavya Patel', 'Patna', 1460000, 'kavya.patel116@example.com', '+91-9000000115'),
(117, 'Kavya Singh', 'Kanpur', 1470000, 'kavya.singh117@example.com', '+91-9000000116'),
(118, 'Kavya Khan', 'Nashik', 1480000, 'kavya.khan118@example.com', '+91-9000000117'),
(119, 'Kavya Das', 'Vadodara', 1490000, 'kavya.das119@example.com', '+91-9000000118'),
(120, 'Kavya Banerjee', 'Chandigarh', 1500000, 'kavya.banerjee120@example.com', '+91-9000000119'),
(121, 'Rohit Gupta', 'Pune', 1510000, 'rohit.gupta121@example.com', '+91-9000000120'),
(122, 'Rohit Verma', 'Mumbai', 1520000, 'rohit.verma122@example.com', '+91-9000000121'),
(123, 'Rohit Sharma', 'Delhi', 1530000, 'rohit.sharma123@example.com', '+91-9000000122'),
(124, 'Rohit Iyer', 'Bengaluru', 1540000, 'rohit.iyer124@example.com', '+91-9000000123'),
(125, 'Rohit Reddy', 'Hyderabad', 1550000, 'rohit.reddy125@example.com', '+91-9000000124'),
(126, 'Rohit Patel', 'Chennai', 1560000, 'rohit.patel126@example.com', '+91-9000000125'),
(127, 'Rohit Singh', 'Kolkata', 1570000, 'rohit.singh127@example.com', '+91-9000000126'),
(128, 'Rohit Khan', 'Ahmedabad', 1580000, 'rohit.khan128@example.com', '+91-9000000127'),
(129, 'Rohit Das', 'Jaipur', 1590000, 'rohit.das129@example.com', '+91-9000000128'),
(130, 'Rohit Banerjee', 'Lucknow', 1600000, 'rohit.banerjee130@example.com', '+91-9000000129'),
(131, 'Ishita Gupta', 'Surat', 1610000, 'ishita.gupta131@example.com', '+91-9000000130'),
(132, 'Ishita Verma', 'Nagpur', 1620000, 'ishita.verma132@example.com', '+91-9000000131'),
(133, 'Ishita Sharma', 'Indore', 1630000, 'ishita.sharma133@example.com', '+91-9000000132'),
(134, 'Ishita Iyer', 'Thane', 1640000, 'ishita.iyer134@example.com', '+91-9000000133'),
(135, 'Ishita Reddy', 'Bhopal', 1650000, 'ishita.reddy135@example.com', '+91-9000000134'),
(136, 'Ishita Patel', 'Patna', 1660000, 'ishita.patel136@example.com', '+91-9000000135'),
(137, 'Ishita Singh', 'Kanpur', 1670000, 'ishita.singh137@example.com', '+91-9000000136'),
(138, 'Ishita Khan', 'Nashik', 1680000, 'ishita.khan138@example.com', '+91-9000000137'),
(139, 'Ishita Das', 'Vadodara', 1690000, 'ishita.das139@example.com', '+91-9000000138'),
(140, 'Ishita Banerjee', 'Chandigarh', 1700000, 'ishita.banerjee140@example.com', '+91-9000000139'),
(141, 'Nikhil Gupta', 'Pune', 1710000, 'nikhil.gupta141@example.com', '+91-9000000140'),
(142, 'Nikhil Verma', 'Mumbai', 1720000, 'nikhil.verma142@example.com', '+91-9000000141'),
(143, 'Nikhil Sharma', 'Delhi', 1730000, 'nikhil.sharma143@example.com', '+91-9000000142'),
(144, 'Nikhil Iyer', 'Bengaluru', 1740000, 'nikhil.iyer144@example.com', '+91-9000000143'),
(145, 'Nikhil Reddy', 'Hyderabad', 1750000, 'nikhil.reddy145@example.com', '+91-9000000144'),
(146, 'Nikhil Patel', 'Chennai', 1760000, 'nikhil.patel146@example.com', '+91-9000000145'),
(147, 'Nikhil Singh', 'Kolkata', 1770000, 'nikhil.singh147@example.com', '+91-9000000146'),
(148, 'Nikhil Khan', 'Ahmedabad', 1780000, 'nikhil.khan148@example.com', '+91-9000000147'),
(149, 'Nikhil Das', 'Jaipur', 1790000, 'nikhil.das149@example.com', '+91-9000000148'),
(150, 'Nikhil Banerjee', 'Lucknow', 1800000, 'nikhil.banerjee150@example.com', '+91-9000000149'),
(151, 'Tanvi Gupta', 'Surat', 1810000, 'tanvi.gupta151@example.com', '+91-9000000150'),
(152, 'Tanvi Verma', 'Nagpur', 1820000, 'tanvi.verma152@example.com', '+91-9000000151'),
(153, 'Tanvi Sharma', 'Indore', 1830000, 'tanvi.sharma153@example.com', '+91-9000000152'),
(154, 'Tanvi Iyer', 'Thane', 1840000, 'tanvi.iyer154@example.com', '+91-9000000153'),
(155, 'Tanvi Reddy', 'Bhopal', 1850000, 'tanvi.reddy155@example.com', '+91-9000000154'),
(156, 'Tanvi Patel', 'Patna', 1860000, 'tanvi.patel156@example.com', '+91-9000000155'),
(157, 'Tanvi Singh', 'Kanpur', 1870000, 'tanvi.singh157@example.com', '+91-9000000156'),
(158, 'Tanvi Khan', 'Nashik', 1880000, 'tanvi.khan158@example.com', '+91-9000000157'),
(159, 'Tanvi Das', 'Vadodara', 1890000, 'tanvi.das159@example.com', '+91-9000000158'),
(160, 'Tanvi Banerjee', 'Chandigarh', 1900000, 'tanvi.banerjee160@example.com', '+91-9000000159'),
(161, 'Suresh Gupta', 'Pune', 1910000, 'suresh.gupta161@example.com', '+91-9000000160'),
(162, 'Suresh Verma', 'Mumbai', 1920000, 'suresh.verma162@example.com', '+91-9000000161'),
(163, 'Suresh Sharma', 'Delhi', 1930000, 'suresh.sharma163@example.com', '+91-9000000162'),
(164, 'Suresh Iyer', 'Bengaluru', 1940000, 'suresh.iyer164@example.com', '+91-9000000163'),
(165, 'Suresh Reddy', 'Hyderabad', 1950000, 'suresh.reddy165@example.com', '+91-9000000164'),
(166, 'Suresh Patel', 'Chennai', 1960000, 'suresh.patel166@example.com', '+91-9000000165'),
(167, 'Suresh Singh', 'Kolkata', 1970000, 'suresh.singh167@example.com', '+91-9000000166'),
(168, 'Suresh Khan', 'Ahmedabad', 1980000, 'suresh.khan168@example.com', '+91-9000000167'),
(169, 'Suresh Das', 'Jaipur', 1990000, 'suresh.das169@example.com', '+91-9000000168'),
(170, 'Suresh Banerjee', 'Lucknow', 2000000, 'suresh.banerjee170@example.com', '+91-9000000169'),
(171, 'Meera Gupta', 'Surat', 2010000, 'meera.gupta171@example.com', '+91-9000000170'),
(172, 'Meera Verma', 'Nagpur', 2020000, 'meera.verma172@example.com', '+91-9000000171'),
(173, 'Meera Sharma', 'Indore', 2030000, 'meera.sharma173@example.com', '+91-9000000172'),
(174, 'Meera Iyer', 'Thane', 2040000, 'meera.iyer174@example.com', '+91-9000000173'),
(175, 'Meera Reddy', 'Bhopal', 2050000, 'meera.reddy175@example.com', '+91-9000000174'),
(176, 'Meera Patel', 'Patna', 2060000, 'meera.patel176@example.com', '+91-9000000175'),
(177, 'Meera Singh', 'Kanpur', 2070000, 'meera.singh177@example.com', '+91-9000000176'),
(178, 'Meera Khan', 'Nashik', 2080000, 'meera.khan178@example.com', '+91-9000000177'),
(179, 'Meera Das', 'Vadodara', 2090000, 'meera.das179@example.com', '+91-9000000178'),
(180, 'Meera Banerjee', 'Chandigarh', 2100000, 'meera.banerjee180@example.com', '+91-9000000179'),
(181, 'Abhishek Gupta', 'Pune', 2110000, 'abhishek.gupta181@example.com', '+91-9000000180'),
(182, 'Abhishek Verma', 'Mumbai', 2120000, 'abhishek.verma182@example.com', '+91-9000000181'),
(183, 'Abhishek Sharma', 'Delhi', 2130000, 'abhishek.sharma183@example.com', '+91-9000000182'),
(184, 'Abhishek Iyer', 'Bengaluru', 2140000, 'abhishek.iyer184@example.com', '+91-9000000183'),
(185, 'Abhishek Reddy', 'Hyderabad', 2150000, 'abhishek.reddy185@example.com', '+91-9000000184'),
(186, 'Abhishek Patel', 'Chennai', 2160000, 'abhishek.patel186@example.com', '+91-9000000185'),
(187, 'Abhishek Singh', 'Kolkata', 2170000, 'abhishek.singh187@example.com', '+91-9000000186'),
(188, 'Abhishek Khan', 'Ahmedabad', 2180000, 'abhishek.khan188@example.com', '+91-9000000187'),
(189, 'Abhishek Das', 'Jaipur', 2190000, 'abhishek.das189@example.com', '+91-9000000188'),
(190, 'Abhishek Banerjee', 'Lucknow', 2200000, 'abhishek.banerjee190@example.com', '+91-9000000189'),
(191, 'Shreya Gupta', 'Surat', 2210000, 'shreya.gupta191@example.com', '+91-9000000190'),
(192, 'Shreya Verma', 'Nagpur', 2220000, 'shreya.verma192@example.com', '+91-9000000191'),
(193, 'Shreya Sharma', 'Indore', 2230000, 'shreya.sharma193@example.com', '+91-9000000192'),
(194, 'Shreya Iyer', 'Thane', 2240000, 'shreya.iyer194@example.com', '+91-9000000193'),
(195, 'Shreya Reddy', 'Bhopal', 2250000, 'shreya.reddy195@example.com', '+91-9000000194'),
(196, 'Shreya Patel', 'Patna', 2260000, 'shreya.patel196@example.com', '+91-9000000195'),
(197, 'Shreya Singh', 'Kanpur', 2270000, 'shreya.singh197@example.com', '+91-9000000196'),
(198, 'Shreya Khan', 'Nashik', 2280000, 'shreya.khan198@example.com', '+91-9000000197'),
(199, 'Shreya Das', 'Vadodara', 2290000, 'shreya.das199@example.com', '+91-9000000198');
(200, 'Shreya Banerjee', 'Chandigarh', 2300000, 'shreya.banerjee200@example.com', '+91-9000000199');

INSERT INTO ACCOUNTS (id, account_no, type, balance, customer_id) VALUES
(1, 'SB-0001', 'SAVINGS', 50000, 1),
(2, 'CA-0002', 'CURRENT', 200000, 1),
(3, 'SB-0003', 'SAVINGS', 35000, 2),
(4, 'SB-0004', 'SAVINGS', 42000, 3),
(5, 'CA-0005', 'CURRENT', 150000, 3),
(6, 'FD-0006', 'FIXED', 300000, 3),
(7, 'SB-0007', 'SAVINGS', 25000, 4),
(8, 'CA-0008', 'CURRENT', 100000, 5),
(9, 'SB-0009', 'SAVINGS', 55000, 5),
(10, 'FD-0010', 'FIXED', 200000, 5),
(11, 'RD-0011', 'RECURRING', 75000, 5),
(12, 'SB-0012', 'SAVINGS', 60000, 6),
(13, 'CA-0013', 'CURRENT', 180000, 6),
(14, 'SB-0014', 'SAVINGS', 35000, 7),
(15, 'FD-0015', 'FIXED', 220000, 7),
(16, 'RD-0016', 'RECURRING', 90000, 7),
(17, 'CA-0017', 'CURRENT', 120000, 8),
(18, 'SB-0018', 'SAVINGS', 48000, 9),
(19, 'CA-0019', 'CURRENT', 210000, 9),
(20, 'FD-0020', 'FIXED', 310000, 9),
(21, 'SB-0021', 'SAVINGS', 27000, 10),
(22, 'RD-0022', 'RECURRING', 65000, 10),
(23, 'CA-0023', 'CURRENT', 175000, 11),
(24, 'SB-0024', 'SAVINGS', 52000, 11),
(25, 'FD-0025', 'FIXED', 250000, 11),
(26, 'SB-0026', 'SAVINGS', 41000, 12),
(27, 'CA-0027', 'CURRENT', 195000, 13),
(28, 'SB-0028', 'SAVINGS', 58000, 13),
(29, 'RD-0029', 'RECURRING', 82000, 13),
(30, 'FD-0030', 'FIXED', 270000, 14),
(31, 'SB-0031', 'SAVINGS', 33000, 14),
(32, 'CA-0032', 'CURRENT', 160000, 15),
(33, 'SB-0033', 'SAVINGS', 45000, 15),
(34, 'FD-0034', 'FIXED', 290000, 15),
(35, 'RD-0035', 'RECURRING', 70000, 15),
(36, 'SB-0036', 'SAVINGS', 39000, 16),
(37, 'CA-0037', 'CURRENT', 185000, 16);

INSERT INTO PRODUCTS (id, product_code, name, details) VALUES
(1, 'PR-SAV', 'Premium Savings', 'Higher interest tier'),
(2, 'PR-LOAN', 'Home Loan', 'Competitive rate'),
(3, 'FLEXI-Deposit', 'Flexible Term Deposit', 'Higher interest rates'),
(4, 'V-LOAN', 'Car Loan', 'Competitive rate'),
(5, 'CR-CARD', 'Gold Credit Card', 'Gold Card'),
(6, 'D-Wallet', 'Digi Wallet', 'Attractive Offers'),
(7, 'Virtual Cards', 'Virtual CR/DR Cards', 'Fully Secure');

INSERT INTO CUSTOMER_OPPORTUNITIES (id, customer_id, product_id, assigned_staff, status) VALUES
(1, 1, 2, 'NiMr X', 'NEW'),
(2, 2, 1, 'Ajent Y', 'CONTACTED');

INSERT INTO TRANSACTIONS (amount, account_id, created_at, id, description) VALUES
(1000, 1, '2024-01-15 10:30:00', 1, 'DEPOSIT'),
(5000, 1, '2024-01-16 14:20:00', 2, 'WITHDRAWAL'),
(50000, 2, '2024-01-17 09:15:00', 3, 'DEPOSIT'),
(9500, 3, '2021-11-17 15:25:00', 11, 'DEPOSIT-FT'),
(2000, 3, '2022-12-08 12:10:00', 12, 'WITHDRAWAL-POS'),
(60000, 3, '2023-01-01 09:45:00', 13, 'DEPOSIT-SAL'),
(3500, 3, '2024-02-19 17:30:00', 14, 'WITHDRAWAL-ATM'),
(4200, 3, '2025-03-15 10:00:00', 15, 'WITHDRAWAL-POS'),

(25000, 4, '2021-04-21 14:15:00', 16, 'DEPOSIT-FT'),
(80000, 4, '2022-05-11 08:55:00', 17, 'DEPOSIT-SAL'),
(5000, 4, '2023-06-28 16:40:00', 18, 'WITHDRAWAL-ATM'),
(12000, 4, '2024-07-06 09:20:00', 19, 'DEPOSIT-FT'),
(4500, 4, '2025-08-02 19:05:00', 20, 'WITHDRAWAL-POS'),

(30000, 5, '2021-09-14 11:35:00', 21, 'DEPOSIT-SAL'),
(2200, 5, '2022-10-25 13:10:00', 22, 'WITHDRAWAL-ATM'),
(15000, 5, '2023-11-19 15:45:00', 23, 'DEPOSIT-FT'),
(7000, 5, '2024-12-30 10:50:00', 24, 'WITHDRAWAL-POS'),
(95000, 5, '2025-01-12 09:00:00', 25, 'DEPOSIT-SAL'),
INSERT INTO TRANSACTIONS (amount, account_id, created_at, id, description) VALUES
(5000, 6, '2021-02-28 16:40:00', 31, 'WITHDRAWAL-ATM'),
(12000, 6, '2022-03-06 09:20:00', 32, 'DEPOSIT-FT'),
(4500, 6, '2023-04-02 19:05:00', 33, 'WITHDRAWAL-POS'),
(30000, 6, '2024-05-14 11:35:00', 34, 'DEPOSIT-SAL'),
(2200, 6, '2025-06-25 13:10:00', 35, 'WITHDRAWAL-ATM'),

(15000, 7, '2021-07-19 15:45:00', 36, 'DEPOSIT-FT'),
(7000, 7, '2022-08-30 10:50:00', 37, 'WITHDRAWAL-POS'),
(95000, 7, '2023-09-12 09:00:00', 38, 'DEPOSIT-SAL'),
(4000, 7, '2024-10-27 18:25:00', 39, 'WITHDRAWAL-ATM'),
(18000, 7, '2025-11-19 14:40:00', 40, 'DEPOSIT-FT'),

(2500, 8, '2021-01-05 12:15:00', 41, 'WITHDRAWAL-POS'),
(60000, 8, '2022-02-23 09:30:00', 42, 'DEPOSIT-SAL'),
(3500, 8, '2023-03-10 16:00:00', 43, 'WITHDRAWAL-ATM'),
(22000, 8, '2024-04-18 11:20:00', 44, 'DEPOSIT-FT'),
(8000, 8, '2025-05-14 13:55:00', 45, 'WITHDRAWAL-POS'),

(1000, 9, '2021-06-12 10:30:00', 46, 'DEPOSIT-FT'),
(5000, 9, '2022-07-16 14:20:00', 47, 'WITHDRAWAL-POS'),
(48000, 9, '2023-08-17 09:15:00', 48, 'DEPOSIT-SAL'),
(2500, 9, '2024-09-12 11:45:00', 49, 'WITHDRAWAL-ATM'),
(15000, 9, '2025-10-19 16:10:00', 50, 'DEPOSIT-FT'),

(5200, 10, '2021-11-22 14:30:00', 51, 'WITHDRAWAL-ATM'),
(15000, 10, '2022-12-14 10:15:00', 52, 'DEPOSIT-FT'),
(3000, 10, '2023-01-09 18:40:00', 53, 'WITHDRAWAL-POS'),
(75000, 10, '2024-02-25 09:00:00', 54, 'DEPOSIT-SAL'),
(1200, 10, '2025-03-03 13:50:00', 55, 'WITHDRAWAL-ATM'),
(9500, 11, '2021-01-17 15:25:00', 56, 'DEPOSIT-FT'),
(2000, 11, '2022-02-08 12:10:00', 57, 'WITHDRAWAL-POS'),
(60000, 11, '2023-03-01 09:45:00', 58, 'DEPOSIT-SAL'),
(3500, 11, '2024-04-19 17:30:00', 59, 'WITHDRAWAL-ATM'),
(4200, 11, '2025-05-15 10:00:00', 60, 'WITHDRAWAL-POS'),

(25000, 12, '2021-06-21 14:15:00', 61, 'DEPOSIT-FT'),
(80000, 12, '2022-07-11 08:55:00', 62, 'DEPOSIT-SAL'),
(5000, 12, '2023-08-28 16:40:00', 63, 'WITHDRAWAL-ATM'),
(12000, 12, '2024-09-06 09:20:00', 64, 'DEPOSIT-FT'),
(4500, 12, '2025-10-02 19:05:00', 65, 'WITHDRAWAL-POS'),

(30000, 13, '2021-11-14 11:35:00', 66, 'DEPOSIT-SAL'),
(2200, 13, '2022-12-25 13:10:00', 67, 'WITHDRAWAL-ATM'),
(15000, 13, '2023-01-19 15:45:00', 68, 'DEPOSIT-FT'),
(7000, 13, '2024-02-28 10:50:00', 69, 'WITHDRAWAL-POS'),
(95000, 13, '2025-03-12 09:00:00', 70, 'DEPOSIT-SAL'),

(4000, 14, '2021-04-27 18:25:00', 71, 'WITHDRAWAL-ATM'),
(18000, 14, '2022-05-19 14:40:00', 72, 'DEPOSIT-FT'),
(2500, 14, '2023-06-05 12:15:00', 73, 'WITHDRAWAL-POS'),
(60000, 14, '2024-07-23 09:30:00', 74, 'DEPOSIT-SAL'),
(3500, 14, '2025-08-10 16:00:00', 75, 'WITHDRAWAL-ATM'),

(22000, 15, '2021-09-18 11:20:00', 76, 'DEPOSIT-FT'),
(8000, 15, '2022-10-14 13:55:00', 77, 'WITHDRAWAL-POS'),
(1000, 15, '2023-11-12 10:30:00', 78, 'DEPOSIT-FT'),
(5000, 15, '2024-12-16 14:20:00', 79, 'WITHDRAWAL-POS'),
(48000, 15, '2025-01-17 09:15:00', 80, 'DEPOSIT-SAL');